,Datetime,RecordNumber,Batt_V,PTemp_C,Flux_Wattspersqrmeter,Raw_flux_milivolts,cs_temp,x_or,y_or,z_or,PRESSURE_mbar,Temp_C,RelHumidity,WindSpeed_mPers,WindDir_0North,Rain_mmTotal,TEMP_C,PRESSURE_mmhg,VOLTAGE,DEPTH_m,DISOLVEDO2_%sat,PH,SPECIFICCONDUCTIVITY_milisiemensPercm,SPECIFICGRAVITY,TOTALDISSOLVEDSOLIDS_gramPerLiter,na,uncorrected_depth,Gauge_pressure_diff_mbar,Gauge_depth_meters
0,2022-01-03 00:00:00,3002466.0,12.471910112359566,24.870898876404485,-4.144393258426966,-0.19984269662921345,16.356404494382026,0.7938988764044943,-0.6001573033707867,-6.501831460674155,1005.88037109375,17.96460674157303,84.97865168539329,6.2144943820224725,258.211011235955,0.0,25.25737711588541,768.0,5.967851670583088,2.2927875518798833,0.0,6.29070822397868,0.18771332502365112,0.9970863421758016,0.120136525730292,0.0,20.882787551879883,18.035564253449767,21.06669912467436
1,2022-01-03 00:15:00,3002555.5,12.47055555555557,23.461222222222226,-8.0808,-0.3896666666666668,13.818888888888893,0.8776111111111109,-0.07867777777777772,-4.375233333333333,1005.88037109375,15.152444444444443,81.12222222222219,4.850777777777776,234.46164444444443,0.0,25.25707804361979,768.0,5.9654098192850755,2.3080291748046875,0.0,6.2935598373413075,0.1877073496580124,0.9970863342285156,0.12013270109891892,0.0,20.898029174804687,18.035564253449767,21.081940747599166
2,2022-01-03 00:30:00,3002645.5,12.465111111111128,21.880777777777777,-2.5985888888888886,-0.12532222222222222,12.974999999999998,1.2023333333333337,-0.9889555555555553,-4.2102,1005.88037109375,14.19577777777777,80.75444444444446,5.109166666666667,262.65723333333324,0.0,25.25727742513021,768.0,5.969072596232097,2.299320761362712,0.0,6.292754999796549,0.18777127265930174,0.9970863501230876,0.12017361223697663,0.0,20.88932076136271,18.035564253449767,21.07323233415719
3,2022-01-03 00:45:00,3002735.5,12.449888888888902,20.80255555555556,-2.5619444444444444,-0.12351111111111113,12.204222222222226,0.9340666666666667,-1.2001444444444445,-3.351333333333334,1005.88037109375,13.494111111111108,81.68444444444441,4.619166666666667,243.54785555555566,0.0,25.25727742513021,768.0,5.9702935218811035,2.297608582178752,0.0,6.2902925809224435,0.18765610754489895,0.9970863660176597,0.12009990662336348,0.0,20.887608582178753,18.035564253449767,21.071520154973232
4,2022-01-03 01:00:00,3002825.5,12.441000000000006,20.005111111111113,-1.9013444444444452,-0.09168888888888892,11.755111111111109,1.328544444444444,-0.9230999999999996,-2.2376999999999994,1008.5424194335938,13.014222222222212,82.38111111111114,3.4566111111111115,252.0167555555557,0.0,25.25638020833333,768.0,5.969072596232097,2.315656979878744,0.0,6.2928909301757825,0.1877415160338084,0.9970866362253824,0.12015456755956015,0.0,20.905656979878742,15.373515913606216,21.062423214154528
5,2022-01-03 01:15:00,3002915.5,12.439555555555568,19.427,-2.2940999999999994,-0.11060000000000005,11.25511111111111,1.1823444444444444,-1.1578111111111113,-3.0215555555555573,1008.5424194335938,12.490333333333332,81.7633333333333,4.032444444444447,262.1268444444444,0.0,25.25677897135417,768.0,5.9702935218811035,2.3128995100657144,0.0,6.292862383524578,0.1878699521223704,0.9970865408579508,0.12023676683505374,0.0,20.902899510065716,15.373515913606216,21.059665744341498
6,2022-01-03 01:30:00,3003005.5,12.432888888888895,18.853777777777793,-2.108111111111111,-0.10165555555555554,10.81455555555555,0.9368444444444444,-0.38774444444444445,-2.180855555555556,1008.5424194335938,12.115222222222219,81.50333333333337,3.033333333333334,243.44424444444434,0.0,25.255782063802084,768.0,5.9702935218811035,2.2971762657165526,0.0,6.294585831960043,0.18778451482454936,0.9970866719881694,0.12018208702405292,0.0,20.88717626571655,15.373515913606216,21.043942499992337
7,2022-01-03 01:45:00,3003095.5,12.419555555555556,18.403777777777773,-3.094444444444445,-0.14923333333333336,10.484111111111115,1.1923333333333335,-1.306277777777778,-2.7712333333333348,1008.5424194335938,11.79922222222222,80.99000000000001,4.0408333333333335,253.9519444444445,0.0,25.25628051757813,768.0,5.9654098192850755,2.313616371154785,0.0,6.2928370793660475,0.18768090109030405,0.9970866441726683,0.12011577387650807,0.0,20.903616371154783,15.373515913606216,21.06038260543057
8,2022-01-03 02:00:00,3003185.5,12.41266666666667,17.950777777777766,-2.0062666666666678,-0.09674444444444445,10.271555555555551,0.9659666666666663,-0.46096666666666675,-2.4139222222222223,1009.4581298828124,11.62611111111111,79.77300000000001,3.849999999999999,258.21122222222215,0.0,25.254683430989584,768.0,5.969072596232097,2.322600094477336,0.0,6.2907024701436365,0.18761581679185232,0.9970869620641072,0.12007412066062292,0.0,20.912600094477337,14.457805464387475,21.060028680838503
9,2022-01-03 02:15:00,3003275.5,12.402222222222218,17.582888888888895,-4.2827111111111105,-0.20649999999999988,9.756777777777774,1.2464333333333335,-0.8403444444444443,-2.6402222222222234,1009.4581298828124,11.204444444444452,79.26977777777779,3.5499999999999994,245.15665555555563,0.0,25.25587972005208,768.0,5.96785167058309,2.313940445582072,0.0,6.28864278793335,0.18746532996495568,0.9970865488052368,0.11997780899206795,0.0,20.903940445582073,14.457805464387475,21.05136903194324
10,2022-01-03 02:30:00,3003365.5,12.397999999999993,17.043666666666663,-5.2954,-0.2553555555555555,9.129111111111115,1.1263555555555558,-0.7094888888888892,-1.6667222222222229,1009.4581298828124,10.774111111111113,79.36522222222224,2.3819444444444446,251.33135555555563,0.0,25.2559814453125,768.0,5.9702935218811035,2.312012402216593,0.0,6.291160011291504,0.1876824051141739,0.9970867077509562,0.12011673599481584,0.0,20.90201240221659,14.457805464387475,21.04944098857776
11,2022-01-03 02:45:00,3003455.5,12.392111111111111,16.562000000000005,-3.711299999999999,-0.1789777777777778,9.038444444444444,0.941077777777778,-0.3342111111111113,-2.1004888888888895,1009.4581298828124,10.444444444444443,78.64122222222223,3.1577777777777785,254.22161111111103,0.0,25.2559814453125,768.0,5.966630744934082,2.3255752245585124,0.0,6.292024898529053,0.18780219753583272,0.9970868070920308,0.12019340296586355,0.0,20.915575224558513,14.457805464387475,21.06300381091968
12,2022-01-03 03:00:00,3003545.5,12.382111111111112,16.101,-7.503477777777774,-0.3618333333333334,8.174999999999997,1.193766666666667,-1.292088888888889,-2.1531333333333333,1010.7757568359376,9.994333333333332,79.29100000000003,2.9775,241.1873333333332,0.0,25.2559814453125,768.0,5.969072596232097,2.3398780663808187,0.0,6.291547234853108,0.1876838266849518,0.9970867713292441,0.12011764645576475,0.0,20.92987806638082,13.140178511262262,21.063870597074402
13,2022-01-03 03:15:00,3003635.5,12.373111111111111,15.4068888888889,-6.453533333333332,-0.31114444444444445,7.659111111111112,1.2388555555555558,-1.077744444444444,-2.8994999999999997,1010.7757568359376,9.408444444444445,77.99133333333332,3.875833333333333,253.01777777777775,0.0,25.25657958984375,768.0,5.966630744934082,2.321701240539551,0.0,6.290461603800456,0.18758379022280372,0.997086544831594,0.12005362311999004,0.0,20.91170124053955,13.140178511262262,21.045693771233132
14,2022-01-03 03:30:00,3003725.5,12.367888888888892,14.818222222222229,-6.8731777777777765,-0.3314444444444445,7.115544444444446,1.0020888888888888,-0.38784444444444427,-1.7046444444444433,1010.7757568359376,8.859555555555557,77.15744444444442,3.191666666666667,248.22993333333338,0.0,25.25558268229167,768.0,5.969072596232097,2.351729122797648,0.0,6.293328634897867,0.187545316418012,0.9970867991447449,0.12002899994452795,0.0,20.941729122797646,13.140178511262262,21.07572165349123
15,2022-01-03 03:45:00,3003815.5,12.356666666666667,14.232777777777779,-7.388366666666664,-0.35627777777777775,6.476755555555556,1.0864555555555557,-0.6868666666666667,-1.5449777777777778,1010.7757568359376,8.394555555555554,77.6638888888889,2.2852777777777784,263.5891444444445,0.0,25.25588175455729,768.0,5.9702935218811035,2.3374255816141765,0.0,6.2927821795145675,0.18770516614119206,0.9970867236455282,0.1201313038667043,0.0,20.927425581614177,13.140178511262262,21.06141811230776
16,2022-01-03 04:00:00,3003905.5,12.348444444444452,13.63733333333334,-7.09203333333333,-0.3419444444444445,6.022933333333333,1.2115222222222224,-1.1683888888888887,-2.1845222222222214,1011.7318115234376,7.951933333333328,77.69822222222223,2.8824999999999994,248.01226666666682,0.0,25.25638020833333,768.0,5.9702935218811035,2.3459038257598883,0.0,6.293239974975586,0.1877864847580592,0.9970868070920308,0.12018334766228995,0.0,20.935903825759887,12.184123823762173,21.060147311800097
17,2022-01-03 04:15:00,3003995.5,12.336555555555556,13.140222222222224,-7.1762888888888865,-0.3460555555555556,5.679855555555556,1.1222777777777775,-0.8191555555555556,-1.7962111111111114,1011.7318115234376,7.531511111111118,77.70822222222222,2.6849999999999996,262.1816666666668,0.0,25.255682373046874,768.0,5.969072596232097,2.3561214129130046,0.0,6.294999758402508,0.18761602540810904,0.9970869342486064,0.12007425377766293,0.0,20.946121412913005,12.184123823762173,21.070364898953216
18,2022-01-03 04:30:00,3004085.5,12.333444444444448,12.730333333333336,-4.303733333333334,-0.20748888888888872,5.4611777777777775,1.0407,-0.7709333333333335,-1.5096111111111115,1011.7318115234376,7.113855555555556,78.0143333333333,2.393333333333333,246.64483333333354,0.0,25.25628051757813,768.0,5.96785167058309,2.3458029747009284,0.0,6.293523025512696,0.187662410736084,0.9970867435137429,0.12010394036769867,0.0,20.935802974700927,12.184123823762173,21.060046460741138
19,2022-01-03 04:45:00,3004175.5,12.321444444444442,12.547444444444432,-2.4059555555555554,-0.11608888888888894,5.492444444444445,1.0190000000000001,-0.5587333333333334,-2.029922222222223,1011.7318115234376,6.816866666666675,77.74433333333334,2.8969444444444448,245.55022222222223,0.0,25.257177734375,768.0,5.9702935218811035,2.348958746592204,0.0,6.2906114260355634,0.18769454459349316,0.99708651304245,0.12012450595696768,0.0,20.938958746592203,12.184123823762173,21.063202232632413
20,2022-01-03 05:00:00,3004265.5,12.318111111111108,12.50633333333332,-1.688055555555556,-0.08142222222222224,5.5665333333333304,1.138077777777778,-0.8922,-2.122522222222223,1012.950927734375,6.761699999999998,78.51033333333334,2.6966666666666668,246.05681111111113,0.0,25.25618082682292,768.0,5.969072596232097,2.335586754480998,0.0,6.2940025011698415,0.1876634081204732,0.9970867673556009,0.12010457863410312,0.0,20.925586754480996,10.965007612824976,21.037398714863237
21,2022-01-03 05:15:00,3004355.5,12.315444444444436,12.46766666666668,-2.297533333333333,-0.11077777777777782,5.424355555555556,1.0766444444444445,-0.7309777777777776,-1.4011000000000002,1012.950927734375,6.567999999999995,78.06922222222222,1.7430555555555558,202.28088888888882,0.0,25.25737711588541,768.0,5.966630744934082,2.3402878761291506,0.0,6.289631017049153,0.18758027950922648,0.997086481253306,0.12005137503147124,0.0,20.93028787612915,10.965007612824976,21.04209983651139
22,2022-01-03 05:30:00,3004445.5,12.305222222222213,12.278888888888885,-2.994566666666666,-0.14438888888888884,4.872355555555557,1.2496222222222222,-1.072966666666667,-1.9964888888888883,1012.950927734375,5.961066666666667,76.89877777777777,3.0341666666666667,233.86411111111119,0.0,25.25618082682292,768.0,5.967851670583088,2.345090119043986,0.0,6.291669972737631,0.18751791218916572,0.9970866680145264,0.12001146127780278,0.0,20.935090119043984,10.965007612824976,21.046902079426225
23,2022-01-03 05:45:00,3004535.5,12.302222222222213,11.788222222222219,-2.8102444444444448,-0.1355444444444444,4.0140666666666664,1.1144555555555558,-0.8233999999999999,-2.176466666666665,1012.950927734375,5.165422222222223,76.6157777777778,3.355888888888888,247.42413333333337,0.0,25.256978352864586,768.0,5.967851670583088,2.3424451192220053,0.0,6.29235315322876,0.18744166592756908,0.9970864375432332,0.11996266295512514,0.0,20.932445119222006,10.965007612824976,21.044257079604247
24,2022-01-03 06:00:00,3004625.5,12.296222222222205,11.259111111111114,-3.259644444444445,-0.15718888888888893,3.815433333333335,1.1779777777777778,-1.0951,-1.7611444444444448,1014.3125,5.069066666666669,77.04600000000002,2.2800000000000002,230.37611111111104,0.0,25.25558268229167,768.0,5.9702935218811035,2.353149668375651,0.0,6.290615145365398,0.1874664694070816,0.9970867753028868,0.11997853815555573,0.0,20.94314966837565,9.603435347199902,21.0410774556139
25,2022-01-03 06:15:00,3004715.5,12.289999999999988,10.880777777777778,-4.826955555555555,-0.2328333333333333,3.47841111111111,1.0924888888888888,-0.8087444444444442,-1.6041333333333339,1014.3125,4.930277777777776,76.77577777777782,2.2111111111111112,224.82547777777776,0.0,25.25638020833333,768.0,5.9702935218811035,2.367449156443278,0.0,6.290570131937662,0.18754976292451225,0.9970868309338888,0.1200318455696106,0.0,20.95744915644328,9.603435347199902,21.05537694368153
26,2022-01-03 06:30:00,3004805.5,12.287999999999982,10.523000000000001,-3.3646333333333334,-0.1622555555555555,3.3660222222222216,0.9726111111111111,-0.6682444444444443,-1.3536444444444453,1014.3125,4.808500000000003,76.96277777777777,1.9372222222222224,246.13263333333336,0.0,25.25651550292969,768.0,5.9702935218811035,2.358330147606986,0.0,6.291120086397443,0.1875344482915742,0.9970867420945848,0.1200220441179616,0.0,20.948330147606985,9.603435347199902,21.046257934845237
27,2022-01-03 06:45:00,3004895.5,12.282888888888879,10.353333333333342,-3.026422222222221,-0.1459222222222222,3.4307666666666656,1.0331666666666661,-0.6490111111111111,-1.394088888888889,1014.3125,4.772811111111113,77.09988888888891,1.8963888888888893,243.73416666666677,0.0,25.25608113606771,768.0,5.96785167058309,2.370617898305257,0.0,6.2930673917134605,0.18747002283732095,0.9970868031183878,0.1199808120727539,0.0,20.96061789830526,9.603435347199902,21.058545685543507
28,2022-01-03 07:00:00,3004985.5,12.275999999999991,10.259666666666666,-2.350622222222223,-0.11333333333333337,3.3443999999999994,0.9367888888888884,-0.3921444444444445,-1.425144444444444,1015.3217163085938,4.5624333333333364,76.71911111111109,2.285277777777777,237.1583777777777,0.0,25.25618082682292,768.0,5.966630744934082,2.3602086385091146,0.0,6.291253503163656,0.18768613338470455,0.9970868666966756,0.12011912216742833,0.0,20.950208638509114,8.59421903860625,21.03784528342462
29,2022-01-03 07:15:00,3005075.5,12.270555555555546,10.15044444444444,-2.5158333333333336,-0.12128888888888889,3.178077777777777,1.0972111111111111,-0.8343666666666664,-1.5978222222222225,1015.3217163085938,4.321322222222225,76.7482222222222,2.412499999999999,230.8518777777778,0.0,25.25707804361979,768.0,5.969072596232097,2.354082155227661,0.0,6.292012786865233,0.18751204113165534,0.9970865845680236,0.12000770419836045,0.0,20.94408215522766,8.59421903860625,21.031718800143164
30,2022-01-03 07:30:00,3005165.5,12.269666666666659,9.998888888888896,-0.06377777777777774,-0.0030222222222222217,2.902722222222223,1.0180333333333331,-0.6767333333333332,-1.4792111111111117,1015.3217163085938,4.046177777777776,76.74411111111112,2.2266666666666675,235.03159999999994,0.0,25.256479899088546,768.0,5.967851670583088,2.3495880762736,0.0,6.295569547017416,0.1873452087243398,0.9970866401990256,0.1199009304245313,0.0,20.9395880762736,8.59421903860625,21.027224721189103
31,2022-01-03 07:45:00,3005255.5,12.2681111111111,9.893111111111105,4.690333333333335,0.22617777777777784,2.9449555555555555,1.0768888888888886,-0.8434555555555553,-1.5401555555555553,1015.3217163085938,4.021355555555555,76.66655555555556,1.888333333333333,226.74716666666666,0.0,25.25667928059896,768.0,5.969072596232097,2.365625540415446,0.0,6.296170743306477,0.1871636390686035,0.9970865726470948,0.11978472669919332,0.0,20.955625540415447,8.59421903860625,21.04326218533095
32,2022-01-03 08:00:00,3005345.5,12.267222222222216,9.846000000000009,8.737088888888888,0.4213555555555554,2.997166666666667,1.1337333333333333,-0.8805444444444444,-1.7827444444444445,1016.633544921875,3.971677777777776,76.76077777777778,2.455000000000001,249.96058888888902,0.0,25.25657958984375,768.0,5.96785167058309,2.3478454907735187,0.0,6.295416990915935,0.18731809258461,0.9970866322517395,0.11988357653220495,0.0,20.93784549077352,7.2823904253248415,21.01210520663291
33,2022-01-03 08:15:00,3005435.5,12.281444444444439,9.837000000000007,15.375777777777785,0.7413999999999998,3.1294111111111116,1.0418222222222218,-0.6462111111111111,-1.4370888888888889,1016.633544921875,4.015699999999997,76.73844444444444,2.0975,258.08912222222233,0.0,25.256479899088546,768.0,5.966630744934082,2.36225856145223,0.0,6.291865952809652,0.18738989035288486,0.9970866878827412,0.11992952773968378,0.0,20.95225856145223,7.2823904253248415,21.02651827731162
34,2022-01-03 08:30:00,3005525.5,12.285888888888877,9.865222222222213,22.74244444444444,1.0966444444444443,3.307377777777777,1.0947111111111112,-0.8064000000000001,-1.4805111111111111,1016.633544921875,4.070277777777782,76.92588888888889,1.9736111111111112,234.9501999999999,0.0,25.25727742513021,768.0,5.969072596232097,2.3731886863708502,0.0,6.291611131032307,0.1873143881559372,0.997086517016093,0.11988120625416435,0.0,20.96318868637085,7.2823904253248415,21.03744840223024
35,2022-01-03 08:45:00,3005615.5,12.29399999999999,9.951333333333332,29.624777777777783,1.4285666666666665,3.5252555555555545,1.1046111111111105,-0.8512888888888889,-1.4551888888888893,1016.633544921875,4.101011111111115,77.0701111111111,1.7105555555555558,249.903,0.0,25.256978352864586,768.0,5.969072596232097,2.386883815129598,0.0,6.289882882436117,0.18763726552327475,0.9970867713292441,0.12008784711360933,0.0,20.976883815129597,7.2823904253248415,21.051143530988988
36,2022-01-03 09:00:00,3005705.5,12.310888888888885,10.050777777777789,37.68144444444444,1.817044444444444,3.6562333333333337,1.092277777777777,-0.6985444444444446,-1.419111111111111,1018.12646484375,4.114111111111116,77.33344444444447,1.9505555555555552,249.87720000000004,0.0,25.25677897135417,768.0,5.969072596232097,2.36695187886556,0.0,6.294766267140705,0.18754876057306927,0.9970867514610292,0.12003120481967924,0.0,20.95695187886556,5.7894705034498335,21.015988048234814
37,2022-01-03 09:15:00,3005795.5,12.347000000000005,10.173555555555561,54.348777777777784,2.6206333333333336,3.8771222222222232,1.0439888888888889,-0.7254999999999998,-1.7318777777777778,1018.12646484375,4.120188888888892,77.38155555555558,2.2169444444444446,249.6314777777777,0.0,25.25667928059896,768.0,5.96785167058309,2.3871697107950847,0.0,6.2959546407063804,0.18738425274689996,0.9970867037773132,0.11992591967185337,0.0,20.977169710795085,5.7894705034498335,21.03620588016434
38,2022-01-03 09:30:00,3005885.5,12.391888888888886,10.318999999999999,60.908444444444434,2.9370333333333325,4.072988888888888,1.0762444444444443,-0.6547666666666667,-1.4537444444444443,1018.12646484375,4.1468,77.51822222222225,2.3169444444444447,247.34162222222218,0.0,25.25638020833333,768.0,5.969072596232097,2.385855070749918,0.0,6.2977107365926095,0.1874471108118693,0.9970867832501731,0.11996614933013915,0.0,20.97585507074992,5.7894705034498335,21.034891240119173
39,2022-01-03 09:45:00,3005975.5,12.389444444444448,10.405555555555564,58.22,2.8073333333333332,4.085633333333335,1.0577000000000003,-0.8297777777777775,-1.5193666666666665,1018.12646484375,4.121155555555556,77.6238888888889,2.1266666666666665,227.7969111111111,0.0,25.25588175455729,768.0,5.969072596232097,2.3899288972218837,0.0,6.293548488616944,0.18751116295655568,0.9970868984858196,0.12000714192787805,0.0,20.979928897221882,5.7894705034498335,21.038965066591135
40,2022-01-03 10:00:00,3006065.5,12.407111111111112,10.479111111111106,62.90900000000003,3.033433333333332,4.356022222222224,1.0845555555555562,-0.8428888888888892,-1.4233444444444445,1019.342041015625,4.272211111111109,77.61511111111109,1.4608333333333323,240.0890777777778,0.0,25.255482991536454,768.0,5.9702935218811035,2.385739278793335,0.0,6.292518361409504,0.18747122188409168,0.997087033589681,0.11998157898585002,0.0,20.975739278793334,4.573894331574794,21.022380020856883
41,2022-01-03 10:15:00,3006155.5,12.4478888888889,10.654777777777783,68.05944444444442,3.2818777777777774,4.696911111111111,1.0450222222222225,-0.6312777777777778,-1.3137111111111106,1019.342041015625,4.410511111111111,77.54188888888889,1.4605555555555558,214.13904444444444,0.0,25.2559814453125,768.0,5.96785167058309,2.3778823693593343,0.0,6.291195170084635,0.18764766156673432,0.9970869421958924,0.12009449998537701,0.0,20.967882369359334,4.573894331574794,21.014523111422882
42,2022-01-03 10:30:00,3006245.5,12.468777777777788,10.831222222222216,70.68555555555555,3.4084777777777786,4.792544444444444,1.0607333333333329,-0.7849888888888888,-1.4083222222222218,1019.342041015625,4.4993444444444455,77.50877777777777,1.8849999999999991,212.32547777777776,0.0,25.25588175455729,768.0,5.9654098192850755,2.3831745147705083,0.0,6.2912487665812185,0.18769916693369548,0.9970869700113932,0.1201274648308754,0.0,20.97317451477051,4.573894331574794,21.019815256834054
43,2022-01-03 10:45:00,3006335.5,12.532555555555547,10.966444444444441,83.25666666666666,4.014644444444443,5.023899999999999,1.1567444444444441,-0.8640666666666664,-1.5490777777777782,1019.342041015625,4.544266666666664,77.15044444444445,1.8705555555555549,183.16815555555564,0.0,25.2559814453125,768.0,5.9702935218811035,2.3861462116241454,0.0,6.289464982350668,0.18777725597222647,0.99708700577418,0.1201774408419927,0.0,20.976146211624144,4.573894331574794,21.022786953687692
44,2022-01-03 11:00:00,3006425.5,12.55366666666665,11.116999999999999,80.38877777777779,3.876377777777779,5.240788888888888,1.0552888888888885,-0.7442666666666667,-1.4343000000000001,1019.760986328125,4.720477777777778,76.33700000000002,1.6680555555555556,183.79561111111107,0.0,25.25558064778646,768.0,5.9702935218811035,2.390556780497233,0.0,6.292862987518309,0.1875416119893392,0.9970869541168212,0.12002662867307665,0.0,20.98055678049723,4.154949019074911,21.022925469285706
45,2022-01-03 11:15:00,3006515.5,12.652666666666672,11.327,95.44111111111114,4.602466666666667,5.488811111111111,1.040844444444444,-0.5743333333333331,-1.2986444444444443,1019.760986328125,4.791577777777779,75.0081111111111,1.8733333333333333,216.95037777777782,0.0,25.255782063802084,768.0,5.966630744934082,2.3893270015716555,0.0,6.292771085103352,0.18747447232405345,0.9970869302749634,0.11998365819454193,0.0,20.979327001571654,4.154949019074911,21.02169569036013
46,2022-01-03 11:30:00,3006605.5,12.793666666666665,11.580111111111114,110.26222222222222,5.316855555555557,5.965066666666669,1.048588888888889,-0.6596000000000001,-1.3012555555555552,1019.760986328125,4.95807777777778,74.6903333333333,1.54,193.1801555555555,0.0,25.25528361002604,768.0,5.9702935218811035,2.3915812810262045,0.0,6.293646589914958,0.18740234275658926,0.9970870018005372,0.11993749688069025,0.0,20.981581281026205,4.154949019074911,21.02394996981468
47,2022-01-03 11:45:00,3006695.5,13.101888888888881,12.084111111111108,174.83333333333337,8.430544444444442,6.729477777777776,1.1099333333333337,-0.8992888888888891,-1.5654999999999994,1019.760986328125,5.031299999999998,74.44233333333332,2.035555555555556,189.62622222222222,0.0,25.25558268229167,768.0,5.9702935218811035,2.384731403986613,0.0,6.292561658223471,0.1874301036198934,0.9970870375633242,0.11995526403188705,0.0,20.974731403986613,4.154949019074911,21.017100092775088
48,2022-01-03 12:00:00,3006785.5,13.507222222222229,13.241222222222223,216.81666666666675,10.455222222222222,8.775133333333331,1.078355555555555,-0.6406,-1.361044444444444,1019.5109252929688,5.699966666666665,73.12844444444444,1.4105555555555558,214.78727777777777,0.0,25.25528361002604,768.0,5.969072596232097,2.376160494486491,0.0,6.290656979878744,0.18743391931056974,0.9970869739850362,0.11995770533879598,0.0,20.96616049448649,4.40501005423103,21.01107909619279
49,2022-01-03 12:15:00,3006875.5,13.828666666666665,16.39277777777778,326.05555555555577,15.723011111111113,11.300666666666663,1.138722222222222,-0.6819555555555555,-1.4684666666666668,1019.5109252929688,6.281288888888887,71.34944444444442,2.0900000000000007,206.30604444444438,0.0,25.25628051757813,768.0,5.967851670583088,2.376350990931193,0.0,6.290837542215983,0.1874009758234024,0.997086747487386,0.1199366216858228,0.0,20.966350990931193,4.40501005423103,21.011269592637493
50,2022-01-03 12:30:00,3006965.5,13.78422222222223,17.811666666666675,288.028888888889,13.888944444444443,11.559333333333335,1.179533333333333,-0.9285,-1.5623666666666667,1019.5109252929688,6.782444444444444,70.09688888888891,1.5911111111111107,190.94222222222223,0.0,25.25628051757813,768.0,5.9654098192850755,2.379014015197754,0.0,6.294326877593994,0.18736397325992585,0.9970867911974588,0.11991294076045356,0.0,20.969014015197754,4.40501005423103,21.013932616904057
51,2022-01-03 12:45:00,3007055.5,13.748111111111108,18.321888888888893,326.5883333333333,15.748966666666668,12.451333333333329,1.1481555555555556,-0.7808555555555554,-1.4475777777777776,1019.5109252929688,7.127177777777782,69.052,1.8044444444444439,194.9492333333333,0.0,25.255482991536454,768.0,5.966630744934082,2.379910675684611,0.0,6.2943098068237315,0.18742157121499375,0.9970868508021036,0.11994980275630952,0.0,20.96991067568461,4.40501005423103,21.014829277390913
52,2022-01-03 13:00:00,3007145.5,13.716444444444447,18.841888888888892,354.23888888888894,17.08199999999999,14.18122222222222,1.1772333333333331,-0.8475111111111112,-1.5141777777777772,1018.14404296875,7.90724444444444,66.95700000000002,1.3686111111111112,184.96325555555563,0.0,25.256479899088546,768.0,5.9702935218811035,2.382677984237671,0.0,6.294577980041504,0.18732864061991372,0.9970868070920308,0.11989032775163652,0.0,20.97267798423767,5.771892378449797,21.03153490661636
53,2022-01-03 13:15:00,3007235.5,13.724000000000009,19.395222222222213,347.5433333333333,16.758666666666667,15.057999999999995,1.1468555555555553,-0.8331,-1.4693888888888884,1018.14404296875,8.369666666666664,65.48800000000001,1.4433333333333331,157.58289999999994,0.0,25.2559814453125,768.0,5.969072596232097,2.3772698243459067,0.0,6.291248830159504,0.1873824616273244,0.9970867673556009,0.11992477277914684,0.0,20.967269824345905,5.771892378449797,21.026126746724596
54,2022-01-03 13:30:00,3007325.5,13.786555555555555,19.89944444444442,344.1877777777778,16.596999999999998,15.397444444444448,1.2204333333333333,-0.8889111111111111,-1.5621555555555557,1018.14404296875,8.667888888888891,64.98055555555554,1.6411111111111116,148.06118888888884,0.0,25.256878662109376,768.0,5.9702935218811035,2.36564146677653,0.0,6.290616226196289,0.18734764953454336,0.9970866084098816,0.1199024925629298,0.0,20.95564146677653,5.771892378449797,21.01449838915522
55,2022-01-03 13:45:00,3007415.5,13.724222222222231,20.194777777777794,317.4111111111111,15.306011111111111,14.752111111111107,1.1253222222222221,-0.714488888888889,-1.3921666666666668,1018.14404296875,8.924777777777779,64.23588888888887,1.6577777777777776,176.3915333333333,0.0,25.25667928059896,768.0,5.9702935218811035,2.37450008392334,0.0,6.293876520792643,0.18732421199480687,0.9970866123835246,0.11988749305407205,0.0,20.96450008392334,5.771892378449797,21.023357006302028
56,2022-01-03 14:00:00,3007505.5,13.71,20.375555555555575,326.89666666666665,15.763888888888886,14.976666666666656,1.2353666666666663,-1.0714777777777778,-1.707611111111112,1017.9652709960938,9.083444444444439,63.791555555555576,1.9725000000000001,185.20206666666664,0.0,25.255782063802084,768.0,5.9702935218811035,2.385944207509359,0.0,6.29593865076701,0.18731033504009248,0.9970868905385336,0.1198786124587059,0.0,20.975944207509357,5.950664351106148,21.036624096677485
57,2022-01-03 14:15:00,3007595.5,13.749888888888892,20.48255555555556,287.10222222222217,13.8448,14.543333333333342,1.1074444444444447,-0.7244666666666665,-1.4507333333333334,1017.9652709960938,8.978777777777777,64.3952222222222,1.723888888888888,174.15499999999997,0.0,25.25630187988281,768.0,5.9689853872571685,2.3798937797546387,0.0,6.29444864818028,0.18748386523553304,0.9970868059567044,0.11998967028089932,0.0,20.96989377975464,5.950664351106148,21.030573668922766
58,2022-01-03 14:30:00,3007685.5,13.736666666666663,20.271777777777775,259.9160000000001,12.533811111111104,13.284333333333334,0.9993222222222221,-0.8031444444444444,-1.5971444444444445,1017.9652709960938,8.556333333333335,65.85477777777776,2.566666666666667,113.05386666666665,0.0,25.25657958984375,768.0,5.9702935218811035,2.380417044957478,0.0,6.292817338307699,0.18745042085647584,0.9970867196718852,0.1199682667851448,0.0,20.97041704495748,5.950664351106148,21.031096934125607
59,2022-01-03 14:45:00,3007775.5,13.676333333333343,19.80100000000001,272.7577777777777,13.153,12.984111111111105,1.1641666666666666,-0.7751666666666668,-1.5857444444444446,1017.9652709960938,8.400777777777781,66.21155555555558,2.230833333333333,153.50413333333339,0.0,25.257576497395835,768.0,5.966630744934082,2.3607237497965494,0.0,6.291635386149088,0.1875355760256449,0.9970864534378052,0.12002276529868446,0.0,20.95072374979655,5.950664351106148,21.011403638964676
60,2022-01-03 15:00:00,3007865.5,13.657666666666673,19.62699999999997,257.00666666666666,12.393777777777782,12.266111111111114,1.0950222222222223,-0.803211111111111,-1.610266666666666,1017.6967163085938,8.2543,66.83877777777775,2.435,123.74982222222216,0.0,25.25677897135417,768.0,5.969072596232097,2.363393274943034,0.0,6.291817251841228,0.18746788899103797,0.9970865726470948,0.1199794461329778,0.0,20.953393274943032,6.219219038606174,21.01681165980031
61,2022-01-03 15:15:00,3007955.5,13.712555555555557,19.431777777777764,134.71488888888894,6.496011111111111,8.60972222222222,1.0456999999999996,-0.6749222222222222,-1.4623000000000006,1017.6967163085938,8.1064,67.3768888888889,2.5466666666666655,144.87988888888893,0.0,25.25737711588541,768.0,5.967851670583088,2.381039873758952,0.0,6.289230060577393,0.1873624324798584,0.9970865845680236,0.11991195480028788,0.0,20.97103987375895,6.219219038606174,21.03445825861623
62,2022-01-03 15:30:00,3008045.5,13.184000000000001,18.527555555555555,109.50677777777777,5.280455555555556,8.711933333333334,1.0217222222222224,-0.5783444444444444,-1.3094333333333334,1017.6967163085938,8.565222222222223,65.96688888888887,1.8933333333333333,148.78374444444444,0.0,25.25667928059896,768.0,5.966630744934082,2.383381096522013,0.0,6.294605731964111,0.18725387156009676,0.9970866958300272,0.11984247416257858,0.0,20.97338109652201,6.219219038606174,21.03679948137929
63,2022-01-03 15:45:00,3008135.5,12.978222222222232,17.851888888888876,155.08700000000005,7.4787,12.175111111111116,1.0838777777777782,-0.7933777777777778,-1.3794444444444443,1017.6967163085938,8.639666666666667,65.77877777777779,1.5269444444444449,149.27646666666672,0.0,25.25677897135417,768.0,5.966630744934082,2.385641590754191,0.0,6.290702311197918,0.187533962726593,0.9970867713292441,0.12002173364162445,0.0,20.97564159075419,6.219219038606174,21.03905997561147
64,2022-01-03 16:00:00,3008225.5,13.252666666666661,17.983222222222214,76.26202222222224,3.6774444444444443,11.674333333333333,1.1092666666666666,-0.803888888888889,-1.5212444444444442,1017.9552001953124,8.680000000000005,65.38222222222221,2.1636111111111114,190.68535555555562,0.0,25.25707804361979,768.0,5.967851670583088,2.384093157450358,0.0,6.291899840037027,0.1874941925207774,0.9970866044362386,0.11999628047148385,0.0,20.97409315745036,5.9607351518873575,21.03487574020683
65,2022-01-03 16:15:00,3008315.5,13.710555555555558,18.806222222222193,95.33948888888887,4.597400000000002,10.722777777777782,1.0420333333333334,-0.7109999999999999,-1.3278999999999999,1017.9552001953124,8.385555555555555,66.71511111111111,1.773333333333333,149.98063333333334,0.0,25.25777587890625,768.0,5.967851670583088,2.3891252994537355,0.0,6.292041905721028,0.18745812078317006,0.9970865805943808,0.11997319410244625,0.0,20.979125299453734,5.9607351518873575,21.039907882210205
66,2022-01-03 16:30:00,3008405.5,13.703777777777782,18.762111111111114,109.44444444444444,5.277322222222223,10.601222222222223,1.1154111111111111,-0.8737666666666669,-1.4923555555555554,1017.9552001953124,8.311333333333339,66.725,2.0791666666666666,168.46828888888894,0.0,25.258074951171874,768.0,5.9702935218811035,2.4030211925506597,0.0,6.291380437215168,0.18742900888125105,0.99708647330602,0.11995456318060554,0.0,20.99302119255066,5.9607351518873575,21.05380377530713
67,2022-01-03 16:45:00,3008495.5,13.76233333333334,18.225222222222218,82.82844444444446,3.994111111111112,10.567222222222224,1.033188888888889,-0.7207555555555554,-1.3301000000000003,1017.9552001953124,8.335777777777771,66.92,1.4888888888888896,159.94826666666663,0.0,25.25667928059896,768.0,5.9702935218811035,2.4021998405456544,0.0,6.291575749715168,0.1874385823806127,0.99708677927653,0.11996068954467773,0.0,20.992199840545656,5.9607351518873575,21.052982423302126
68,2022-01-03 17:00:00,3008585.5,13.744777777777783,17.62222222222223,57.485888888888894,2.7719666666666662,10.101555555555557,1.095522222222222,-0.8348777777777776,-1.4092777777777776,1018.4927368164062,8.274111111111107,67.30822222222221,1.1750000000000005,166.35123333333337,0.0,25.25667928059896,768.0,5.969072596232097,2.388692824045817,0.0,6.292221387227375,0.18738481104373933,0.9970866481463114,0.11992627531290055,0.0,20.978692824045815,5.423198530793549,21.0339940587263
69,2022-01-03 17:15:00,3008675.5,13.629222222222223,17.034222222222223,34.82711111111112,1.679288888888889,8.765922222222223,1.1206555555555557,-0.8114222222222223,-1.4381111111111116,1018.4927368164062,7.8473777777777745,68.74944444444446,1.743611111111112,154.0464111111111,0.0,25.25657958984375,768.0,5.9702935218811035,2.3757372379302977,0.0,6.292611026763916,0.1873320390780767,0.9970866998036704,0.11989250133434932,0.0,20.9657372379303,5.423198530793549,21.02103847261078
70,2022-01-03 17:30:00,3008765.5,12.816444444444437,15.274333333333326,12.716733333333334,0.6132000000000003,7.273455555555558,1.0484777777777776,-0.8451666666666668,-1.373488888888889,1018.4927368164062,7.562522222222221,69.43055555555559,1.267777777777777,135.74243333333334,0.0,25.256878662109376,768.0,5.967851670583088,2.3878974437713625,0.0,6.29038330713908,0.18736077149709066,0.9970866521199544,0.11991089085737865,0.0,20.97789744377136,5.423198530793549,21.033198678451846
71,2022-01-03 17:45:00,3008855.5,12.6848888888889,13.971111111111112,-6.409588888888891,-0.3090888888888888,5.538644444444445,1.0128777777777778,-0.7361333333333333,-1.3246111111111114,1018.4927368164062,7.172588888888884,70.46544444444443,1.504722222222222,139.85111111111112,0.0,25.25638020833333,768.0,5.969072596232097,2.392187515894572,0.0,6.290723133087157,0.18736448884010315,0.9970868150393168,0.11991327007611592,0.0,20.982187515894573,5.423198530793549,21.037488750575054
72,2022-01-03 18:00:00,3008945.5,12.63044444444444,12.788666666666664,-7.009722222222222,-0.33798888888888884,4.6351111111111125,1.041088888888889,-0.725211111111111,-1.2975666666666663,1019.08251953125,6.813955555555555,72.15455555555556,1.3819444444444446,129.33968888888893,0.0,25.256878662109376,768.0,5.96785167058309,2.3958383242289227,0.0,6.2915535926818835,0.1874167819817861,0.9970868229866028,0.11994673858086267,0.0,20.985838324228922,4.833415815949745,21.0351254489448
73,2022-01-03 18:15:00,3009035.5,12.60233333333333,11.924666666666665,-7.308122222222219,-0.3523666666666668,4.250833333333335,1.049322222222222,-0.7396999999999999,-1.2964333333333333,1019.08251953125,6.579644444444451,73.78699999999999,1.0222222222222221,114.21843333333331,0.0,25.25677897135417,768.0,5.967851670583088,2.388281567891439,0.0,6.2939696311950675,0.18748328586419424,0.9970867435137429,0.11998929878075915,0.0,20.97828156789144,4.833415815949745,21.027568692607318
74,2022-01-03 18:30:00,3009125.5,12.597000000000005,11.349444444444444,-6.806466666666665,-0.3282111111111112,4.009111111111111,1.0593555555555558,-0.7072666666666666,-1.288644444444444,1019.08251953125,6.346655555555562,75.23200000000001,1.217222222222222,133.5042777777778,0.0,25.25707804361979,768.0,5.966630744934082,2.371742614110311,0.0,6.29396193822225,0.18736629486083986,0.9970866123835246,0.11991442690292994,0.0,20.96174261411031,4.833415815949745,21.01102973882619
75,2022-01-03 18:45:00,3009215.5,12.587555555555557,10.960777777777778,-7.469633333333336,-0.36016666666666663,3.875977777777779,1.068588888888889,-0.7982111111111111,-1.3530777777777776,1019.08251953125,6.16867777777778,75.62177777777775,1.4269444444444443,120.47738888888885,0.0,25.25707804361979,768.0,5.969072596232097,2.3803178946177166,0.0,6.292990557352701,0.18742629488309226,0.9970865885416668,0.11995282570521035,0.0,20.970317894617715,4.833415815949745,21.019605019333596
76,2022-01-03 19:00:00,3009305.5,12.577333333333334,10.67677777777778,-8.015122222222223,-0.38652222222222227,3.7278222222222217,1.0444333333333335,-0.7676777777777777,-1.310022222222222,1019.642578125,6.0415555555555605,75.91122222222221,1.0649999999999997,92.72312222222223,0.0,25.25767618815104,768.0,5.969072596232097,2.3778733412424717,0.0,6.292525800069172,0.1876036415497462,0.9970865925153096,0.12006632735331853,0.0,20.967873341242473,4.27335722219991,21.011449457675706
77,2022-01-03 19:15:00,3009395.5,12.570999999999994,10.382888888888887,83.6292,-0.36026666666666673,3.49631111111111,1.0067666666666668,-0.7386333333333333,-1.2643111111111112,1019.642578125,5.905100000000004,76.12455555555553,1.0266666666666666,117.86312222222219,0.0,25.25767618815104,768.0,5.96785167058309,2.3918643951416017,0.0,6.295335038503011,0.18748639822006224,0.9970866243044536,0.11999129255612692,0.0,20.981864395141603,4.27335722219991,21.025440511574836
78,2022-01-03 19:30:00,3009485.5,12.559999999999992,10.134,-7.044311111111115,-0.33970000000000006,3.4350222222222215,1.0514444444444448,-0.7404444444444445,-1.3013888888888885,1019.642578125,5.799777777777775,76.16744444444443,0.9719444444444445,111.80532222222223,0.0,25.257476806640625,768.0,5.969072596232097,2.384024143218994,0.0,6.291259256998697,0.18748089571793874,0.9970865885416668,0.11998776992162068,0.0,20.974024143218994,4.27335722219991,21.01760025965223
79,2022-01-03 19:45:00,3009575.5,12.548777777777767,9.917111111111115,-7.0920999999999985,-0.342,3.2373666666666665,1.0146777777777778,-0.7751,-1.2900333333333338,1019.642578125,5.673488888888897,76.44244444444445,0.6563888888888891,196.0446666666666,0.0,25.25727742513021,768.0,5.9702935218811035,2.3828988075256348,0.0,6.293748792012532,0.1874488214651744,0.9970865805943808,0.1199672430753708,0.0,20.972898807525635,4.27335722219991,21.01647492395887
80,2022-01-03 20:00:00,3009665.5,12.539333333333321,9.68366666666666,-6.663377777777777,-0.3213444444444442,3.129955555555556,1.0231222222222223,-0.7336333333333331,-1.2703888888888892,1020.3935546875,5.559433333333331,76.8081111111111,0.8533333333333332,173.95198888888882,0.0,25.25707804361979,768.0,5.969072596232097,2.384204069773356,0.0,6.2932451248168935,0.1874486376841863,0.9970866481463114,0.1199671263496081,0.0,20.974204069773357,3.522380659699792,21.010122356443112
81,2022-01-03 20:15:00,3009755.5,12.53244444444443,9.469777777777772,-7.39307777777778,-0.356488888888889,2.9617222222222237,1.0747111111111112,-0.7599,-1.3266333333333329,1020.3935546875,5.408922222222221,77.35888888888894,0.8241666666666669,107.17591111111112,0.0,25.25707804361979,768.0,5.969072596232097,2.3927058696746832,0.0,6.296466286977132,0.18751338620980584,0.9970868269602458,0.12000856399536132,0.0,20.98270586967468,3.522380659699792,21.01862415634444
82,2022-01-03 20:30:00,3009845.5,12.523444444444436,9.267666666666674,-6.855533333333331,-0.33057777777777775,2.823855555555556,1.0504777777777776,-0.7143333333333334,-1.2817444444444446,1020.3935546875,5.263288888888893,77.90211111111111,0.7113888888888886,129.26650000000004,0.0,25.255782063802084,768.0,5.969072596232097,2.3961771647135417,0.0,6.29108492533366,0.18736614187558487,0.9970869739850362,0.11991432805856067,0.0,20.986177164713542,3.522380659699792,21.0220954513833
83,2022-01-03 20:45:00,3009935.5,12.512888888888883,9.075666666666658,-6.494322222222225,-0.3131777777777777,2.7279777777777783,1.036277777777778,-0.7749222222222223,-1.3043888888888888,1020.3935546875,5.145688888888888,78.25511111111112,0.8911111111111112,116.20619999999995,0.0,25.256978352864586,768.0,5.969072596232097,2.385660791397094,0.0,6.290471967061361,0.1874539126952489,0.9970866322517395,0.1199705014626185,0.0,20.975660791397093,3.522380659699792,21.011579078066852
84,2022-01-03 21:00:00,3010025.5,12.507888888888884,8.91688888888889,-6.338177777777779,-0.3056444444444445,2.602866666666667,1.0519222222222222,-0.7435555555555554,-1.2986777777777776,1020.7926025390624,4.9775333333333345,78.50788888888889,0.5524999999999998,151.84654444444445,0.0,25.25677897135417,768.0,5.969072596232097,2.3829869747161867,0.0,6.292288176218668,0.1875167856613795,0.9970868587493896,0.12001074006160099,0.0,20.972986974716186,3.123332808137497,21.004836105746023
85,2022-01-03 21:15:00,3010115.5,12.502555555555556,8.661888888888893,-7.451566666666664,-0.3593111111111113,2.2467888888888883,1.0362777777777779,-0.7802333333333332,-1.3062999999999998,1020.7926025390624,4.733355555555556,79.24466666666666,0.2038888888888889,71.24723333333333,0.0,25.25767618815104,768.0,5.9702935218811035,2.4002434889475506,0.0,6.28957773844401,0.1873486131429672,0.9970865726470948,0.11990311046441395,0.0,20.99024348894755,3.123332808137497,21.022092619977386
86,2022-01-03 21:30:00,3010205.5,12.486888888888895,8.35411111111111,-7.4758444444444425,-0.36048888888888886,1.8178000000000007,1.0512111111111113,-0.6937555555555553,-1.2668,1020.7926025390624,4.437311111111114,80.54800000000003,0.0825,96.47071111111114,0.0,25.25727742513021,768.0,5.9702935218811035,2.410678752263387,0.0,6.293251419067383,0.18739182551701866,0.9970866998036704,0.11993076552947365,0.0,21.000678752263386,3.123332808137497,21.032527883293223
87,2022-01-03 21:45:00,3010295.5,12.485111111111117,8.032588888888888,-6.694422222222223,-0.3227777777777778,1.5233333333333332,1.0614222222222216,-0.7640333333333332,-1.3166000000000002,1020.7926025390624,4.212477777777778,81.98333333333336,0.11361111111111111,122.67336666666665,0.0,25.257049560546875,768.0,5.967677252633232,2.4046492746898105,0.0,6.292134012494769,0.18742046505212784,0.9970867250646864,0.1199490949511528,0.0,20.99464927468981,3.123332808137497,21.026498405719646
88,2022-01-03 22:00:00,3010385.5,12.474333333333345,7.8280111111111115,84.33951111111108,-0.3260111111111111,1.5130666666666666,1.0258333333333332,-0.7483888888888888,-1.2784333333333333,1020.8184814453124,4.146211111111113,82.33666666666664,0.08333333333333333,103.95006666666666,0.0,25.25677897135417,768.0,5.969072596232097,2.3988135973612468,0.0,6.294630241394043,0.18739388187726336,0.9970868031183878,0.11993208080530167,0.0,20.988813597361247,3.097453901887633,21.020398836988313
89,2022-01-03 22:15:00,3010475.5,12.469444444444457,7.641733333333335,-6.531388888888892,-0.3149666666666665,1.346744444444444,1.0205555555555554,-0.7621999999999999,-1.281922222222222,1020.8184814453124,3.9704444444444422,82.55777777777779,0.09277777777777778,130.48370000000003,0.0,25.256878662109376,768.0,5.9702935218811035,2.399955638249715,0.0,6.2892196973164864,0.18722646335760754,0.9970865845680236,0.11982493499914805,0.0,20.989955638249715,3.097453901887633,21.02154087787678
90,2022-01-03 22:30:00,3010565.5,12.46277777777779,7.47217777777778,-6.816833333333333,-0.32874444444444445,1.2579222222222222,1.0351000000000001,-0.7492555555555555,-1.2860333333333334,1020.8184814453124,3.8825333333333383,82.83555555555553,0.11277777777777777,162.68155555555555,0.0,25.25667928059896,768.0,5.9702935218811035,2.3960660457611085,0.0,6.292432149251303,0.1871403694152832,0.9970866282780964,0.1197698339819908,0.0,20.98606604576111,3.097453901887633,21.017651285388173
91,2022-01-03 22:45:00,3010655.5,12.463777777777791,7.313822222222226,-6.558599999999997,-0.3162111111111111,1.0863666666666671,1.0302333333333338,-0.7231444444444446,-1.2660666666666662,1020.8184814453124,3.6888444444444466,84.00888888888896,0.12777777777777777,149.25429999999997,0.0,25.25727742513021,768.0,5.969072596232097,2.3959779739379883,0.0,6.2910317738850905,0.18729568819204967,0.9970866401990256,0.1198692391316096,0.0,20.985977973937988,3.097453901887633,21.017563213565055
92,2022-01-03 23:00:00,3010745.5,12.460444444444452,7.160788888888889,-7.368488888888887,-0.35530000000000006,0.8210222222222225,1.0638999999999998,-0.7757777777777777,-1.3260444444444441,1021.2320556640624,3.430666666666666,84.91222222222221,0.03777777777777778,87.32699999999998,0.0,25.2559814453125,768.0,5.9702935218811035,2.3985180219014484,0.0,6.290035279591877,0.1873563349246979,0.9970868587493896,0.11990805218617122,0.0,20.98851802190145,2.683879683137495,21.015885978167223
93,2022-01-03 23:15:00,3010835.5,12.454000000000015,6.966911111111109,-5.977066666666665,-0.2881888888888889,0.6973000000000003,1.0403666666666667,-0.7352555555555556,-1.2831444444444444,1021.2320556640624,3.324888888888888,85.52888888888886,0.1708333333333333,205.4006777777777,0.0,25.25657958984375,768.0,5.9654098192850755,2.390057134628296,0.0,6.290154425303142,0.18740678926308948,0.9970868031183878,0.11994034250577293,0.0,20.980057134628296,2.683879683137495,21.00742509089407
94,2022-01-03 23:30:00,3010925.5,12.445444444444458,6.870822222222222,-6.138722222222222,-0.2960222222222222,0.8355666666666662,1.0291666666666666,-0.7282000000000001,-1.2695222222222222,1021.2320556640624,3.358722222222224,85.0466666666667,0.3183333333333334,189.43635555555556,0.0,25.25638020833333,768.0,5.965409819285076,2.4058748404184978,0.0,6.293130207061767,0.1873804678519567,0.997086795171102,0.11992349674304327,0.0,20.995874840418498,2.683879683137495,21.023242796684272
95,2022-01-03 23:45:00,3010971.0,12.43,6.862,-6.968,-0.336,0.853,1.163,-0.5670000000000001,-1.294,1021.2320556640624,3.292,85.1,1.175,284.6,0.0,25.257028198242192,768.0,5.9702935218811035,2.39347186088562,0.0,6.290056276321411,0.18744613230228424,0.9970867216587068,0.11996552124619485,0.0,20.98347186088562,2.683879683137495,21.010839817151393
96,2022-01-04 00:00:00,3011106.0,12.435505617977539,6.752056179775283,85.5854831460674,-0.3151797752808988,0.6346067415730338,1.0295393258426964,-0.7341910112359551,-1.2771348314606745,1021.1685791015624,3.0925280898876433,85.66404494382014,0.20224719101123592,172.05557303370784,0.0,25.256978352864586,768.0,5.9654098192850755,2.4040336449941,0.0,6.2924925804138185,0.1872538487116496,0.9970867395401,0.11984245975812274,0.0,20.9940336449941,2.747356245637551,21.022048882059128
97,2022-01-04 00:15:00,3011195.5,12.43322222222223,6.636888888888889,84.68151111111112,-0.30952222222222214,0.5141111111111111,1.0452555555555558,-0.7255888888888885,-1.2815888888888887,1021.1685791015624,2.9494222222222226,85.8477777777778,0.22333333333333338,185.34261111111115,0.0,25.255682373046874,768.0,5.966630744934082,2.397410043080648,0.0,6.291146151224773,0.1871774435043335,0.9970868825912476,0.11979356159766515,0.0,20.987410043080647,2.747356245637551,21.015425280145678
98,2022-01-04 00:30:00,3011285.5,12.425111111111116,6.512888888888887,-5.9925999999999995,-0.2890111111111109,0.43570000000000003,1.0183333333333335,-0.736677777777778,-1.2649777777777778,1021.1685791015624,2.872277777777776,85.75666666666667,0.23361111111111119,161.4001111111111,0.0,25.25628051757813,768.0,5.969072596232097,2.381990607579549,0.0,6.2896735509236645,0.18723958134651186,0.9970867395401,0.11983332832654316,0.0,20.97199060757955,2.747356245637551,21.000005844644576
99,2022-01-04 00:45:00,3011375.5,12.411222222222218,6.420111111111108,-6.470011111111112,-0.3120222222222221,0.5054111111111109,1.0447999999999995,-0.7629666666666668,-1.3057444444444442,1021.1685791015624,2.9067777777777812,85.33000000000003,0.6133333333333334,137.51561111111113,0.0,25.255782063802084,768.0,5.966630744934082,2.395874722798665,0.0,6.287031141916912,0.1871976683537165,0.9970869064331056,0.11980650424957275,0.0,20.985874722798666,2.747356245637551,21.013889959863693
100,2022-01-04 01:00:00,3011465.5,12.405333333333328,6.462388888888889,-6.762699999999999,-0.3261444444444445,0.8709222222222222,1.025388888888889,-0.7307888888888887,-1.277777777777778,1020.810791015625,3.046788888888893,84.22777777777787,1.421666666666667,91.55474444444444,0.0,25.25538330078125,768.0,5.967851670583088,2.404666646321614,0.0,6.290890153249105,0.18706193765004475,0.9970870176951092,0.1197196364402771,0.0,20.994666646321615,3.1051443315749307,21.02633030650705
101,2022-01-04 01:15:00,3011555.5,12.405444444444441,6.579844444444445,-6.492166666666665,-0.31306666666666666,0.8342222222222223,1.0040333333333333,-0.7711444444444445,-1.284177777777778,1020.810791015625,3.037733333333334,84.18333333333332,1.2025000000000001,123.02468888888893,0.0,25.25528361002604,768.0,5.9702935218811035,2.4140748023986816,0.0,6.2891376813252755,0.1870846798022588,0.997086997826894,0.11973419239123664,0.0,21.00407480239868,3.1051443315749307,21.035738462584117
102,2022-01-04 01:30:00,3011645.5,12.400444444444439,6.6063555555555595,-6.63061111111111,-0.3196888888888889,0.772833333333333,1.0459666666666665,-0.7675555555555551,-1.3085222222222224,1020.810791015625,2.976155555555556,84.36666666666669,0.9786111111111113,112.8301333333334,0.0,25.25498250325521,768.0,5.966630744934082,2.3944493452707927,0.0,6.289554341634115,0.18711493810017904,0.9970870018005372,0.1197535569469134,0.0,20.984449345270793,3.1051443315749307,21.016113005456226
103,2022-01-04 01:45:00,3011735.5,12.393222222222214,6.587611111111114,-6.471711111111111,-0.31207777777777784,0.7431333333333332,1.0485777777777778,-0.7346111111111111,-1.2910111111111113,1020.810791015625,2.9146000000000027,84.52888888888893,1.1580555555555558,142.88314444444447,0.0,25.2548828125,768.0,5.9702935218811035,2.393744389216105,0.0,6.2919293403625485,0.187047278881073,0.997087053457896,0.11971025615930556,0.0,20.983744389216106,3.1051443315749307,21.01540804940154
104,2022-01-04 02:00:00,3011825.5,12.385333333333332,6.566700000000001,-6.153311111111111,-0.29665555555555567,0.7014444444444443,1.0426333333333329,-0.7287333333333333,-1.2937111111111108,1020.7909545898438,2.8673777777777776,84.48777777777774,1.2861111111111105,93.85439999999997,0.0,25.254984537760414,768.0,5.9702935218811035,2.4044599374135336,0.0,6.290757815043133,0.1871817380189896,0.9970871488253276,0.11979630887508393,0.0,20.994459937413534,3.1249807573561608,21.026325872848734
105,2022-01-04 02:15:00,3011915.5,12.379000000000001,6.544166666666667,-7.061633333333334,-0.3404888888888889,0.7176444444444445,1.0353555555555556,-0.7065444444444443,-1.2776222222222222,1020.7909545898438,2.818344444444447,84.44555555555552,1.592777777777778,92.59408888888889,0.0,25.25478515625,768.0,5.966630744934082,2.405273119608561,0.0,6.289738368988037,0.18720377286275228,0.9970872004826864,0.1198104128241539,0.0,20.995273119608562,3.1249807573561608,21.02713905504376
106,2022-01-04 02:30:00,3012005.5,12.370444444444443,6.565944444444444,-7.310399999999998,-0.3525444444444443,0.7699222222222226,1.0337333333333336,-0.7614333333333332,-1.3039444444444441,1020.7909545898438,2.8061555555555557,84.21888888888884,1.8669444444444439,60.95255555555556,0.0,25.254386393229165,768.0,5.969072596232097,2.383323891957601,0.0,6.289362780253093,0.18715310990810394,0.9970871965090434,0.11977798740069072,0.0,20.9733238919576,3.1249807573561608,21.0051898273928
107,2022-01-04 02:45:00,3012095.5,12.364444444444441,6.5953111111111085,-7.962055555555553,-0.38393333333333335,0.7213888888888892,1.0385777777777778,-0.7019222222222223,-1.2768333333333335,1020.7909545898438,2.6880666666666664,84.54,1.9691666666666672,44.179166666666674,0.0,25.25428670247396,768.0,5.9702935218811035,2.402740208307902,0.0,6.292132695515949,0.18734684884548186,0.997087327639262,0.11990198145310085,0.0,20.9927402083079,3.1249807573561608,21.024606143743103
108,2022-01-04 03:00:00,3012185.5,12.357333333333335,6.5347777777777765,-7.772433333333332,-0.37476666666666664,0.4770999999999999,1.0213555555555556,-0.7429222222222224,-1.275811111111111,1020.5872802734376,2.577811111111113,85.17777777777769,1.1977777777777774,88.02952222222223,0.0,25.254984537760414,768.0,5.9702935218811035,2.4004868030548097,0.0,6.292073440551758,0.18722387154897052,0.9970870971679688,0.11982327550649645,0.0,20.99048680305481,3.3286550737621465,21.024429638516075
109,2022-01-04 03:15:00,3012275.5,12.340555555555554,6.389577777777779,-7.398688888888889,-0.3567555555555556,0.3680555555555553,1.061288888888889,-0.7011888888888888,-1.2852999999999999,1020.5872802734376,2.4623555555555563,85.81555555555555,1.2925000000000004,51.430144444444444,0.0,25.25538330078125,768.0,5.96785167058309,2.4115133762359617,0.0,6.2926163037617995,0.1872817357381185,0.9970872203509012,0.11986030836900075,0.0,21.001513376235962,3.3286550737621465,21.035456211697227
110,2022-01-04 03:30:00,3012365.5,12.330555555555561,6.278299999999999,-6.352877777777778,-0.30637777777777775,0.24953333333333338,1.0384888888888892,-0.7642333333333334,-1.2999888888888886,1020.5872802734376,2.417555555555557,86.25555555555543,1.1241666666666665,84.28628888888886,0.0,25.255552019391736,768.0,5.967677252633232,2.398083005632673,0.0,6.290989535195488,0.1872795596718788,0.99708696774074,0.1198589163167136,0.0,20.988083005632674,3.3286550737621465,21.02202584109394
111,2022-01-04 03:45:00,3012455.5,12.326777777777775,6.1904333333333375,84.04546666666667,-0.3401666666666667,0.22731111111111119,1.0312333333333337,-0.7463444444444444,-1.2830000000000004,1020.5872802734376,2.372144444444445,86.51111111111116,1.0383333333333333,68.40143333333336,0.0,25.255181884765626,768.0,5.969072596232097,2.4082427183787027,0.0,6.2909987449645985,0.1873870174090068,0.9970871488253276,0.11992768794298173,0.0,20.9982427183787,3.3286550737621465,21.032185553839966
112,2022-01-04 04:00:00,3012545.5,12.317444444444444,6.132244444444444,-7.871466666666668,-0.3795666666666664,0.1713444444444445,1.0342444444444445,-0.7619222222222223,-1.294488888888889,1020.7620849609376,2.286400000000002,86.89000000000003,1.4011111111111112,41.7987,0.0,25.255482991536454,768.0,5.966630744934082,2.402900981903076,0.0,6.292597166697184,0.1874003847440084,0.997087049484253,0.11993624319632848,0.0,20.992900981903077,3.153850386262314,21.02506130562486
113,2022-01-04 04:15:00,3012635.5,12.303444444444434,6.0956,-7.498122222222223,-0.3615333333333333,0.17873333333333338,1.0088333333333332,-0.774688888888889,-1.285577777777778,1020.7620849609376,2.256866666666669,87.04555555555564,1.314166666666667,49.48122222222221,0.0,25.255183919270834,768.0,5.969072596232097,2.400992774963379,0.0,6.2931938489278165,0.18743640979131065,0.9970871408780416,0.11995929976304373,0.0,20.990992774963377,3.153850386262314,21.023153098685164
114,2022-01-04 04:30:00,3012725.5,12.298444444444435,6.083233333333333,-7.543844444444445,-0.36376666666666674,0.18684444444444434,1.0467444444444445,-0.7242777777777779,-1.2926222222222221,1020.7620849609376,2.2350111111111093,87.05111111111117,1.7747222222222225,41.94858888888888,0.0,25.255682373046874,768.0,5.9702935218811035,2.391275437672933,0.0,6.290769831339518,0.1874207079410553,0.997087025642395,0.11994924992322922,0.0,20.981275437672934,3.153850386262314,21.013435761394717
115,2022-01-04 04:45:00,3012815.5,12.288444444444432,6.117733333333334,-7.657577777777775,-0.3692222222222222,0.27791111111111116,1.0242999999999998,-0.7133111111111107,-1.2764888888888892,1020.7620849609376,2.2367666666666697,86.93555555555551,2.060277777777778,42.20147777777779,0.0,25.25618082682292,768.0,5.967851670583088,2.4028185844421386,0.0,6.28814115524292,0.1872363398472468,0.9970868388811748,0.11983125408490497,0.0,20.992818584442137,3.153850386262314,21.024978908163924
116,2022-01-04 05:00:00,3012905.5,12.275666666666659,6.184922222222224,-7.686922222222225,-0.37064444444444455,0.3955444444444443,1.053388888888889,-0.7697444444444445,-1.3339222222222225,1020.1597900390624,2.3068999999999997,86.5577777777777,2.2066666666666674,38.35769999999999,0.0,25.256878662109376,768.0,5.969072596232097,2.40987229347229,0.0,6.289195028940838,0.1872735967238744,0.997086731592814,0.11985509991645812,0.0,20.99987229347229,3.7561453081374454,21.038174316162376
117,2022-01-04 05:15:00,3012995.5,12.260999999999996,6.276788888888892,-7.769822222222223,-0.3746444444444445,0.4999777777777776,1.0208666666666666,-0.7382111111111117,-1.306611111111111,1020.1597900390624,2.325177777777778,86.35000000000004,2.7350000000000008,31.745422222222224,0.0,25.25588175455729,768.0,5.9702935218811035,2.395374870300293,0.0,6.290682347615559,0.18733430405457813,0.9970869302749634,0.11989395221074425,0.0,20.985374870300294,3.7561453081374454,21.02367689299038
118,2022-01-04 05:30:00,3013085.5,12.257999999999996,6.3643888888888895,-7.710044444444446,-0.3718,0.5318222222222221,1.0012444444444446,-0.7032222222222221,-1.2623333333333335,1020.1597900390624,2.3804888888888893,86.22888888888892,2.5350000000000006,40.60286666666669,0.0,25.25608113606771,768.0,5.969072596232097,2.3883374214172357,0.0,6.290232626597088,0.18720784584681194,0.9970867832501731,0.11981301953395207,0.0,20.978337421417237,3.7561453081374454,21.016639444107323
119,2022-01-04 05:45:00,3013175.5,12.248222222222223,6.4190555555555555,83.13477777777778,-0.38404444444444447,0.6382222222222225,1.0383555555555555,-0.7480888888888889,-1.3033888888888887,1020.1597900390624,2.5224999999999995,85.66444444444444,2.2316666666666665,30.947877777777784,0.0,25.255281575520836,768.0,5.966630744934082,2.3988582134246825,0.0,6.289301490783691,0.1872316062450409,0.997087077299754,0.11982822368542352,0.0,20.98885821342468,3.7561453081374454,21.02716023611477
120,2022-01-04 06:00:00,3013265.5,12.245777777777782,6.528088888888888,-7.518777777777778,-0.3625555555555558,0.9660111111111112,0.9983000000000004,-0.6406333333333333,-1.2954444444444444,1020.2579345703124,2.831311111111112,84.23333333333342,3.185000000000001,33.79587777777778,0.0,25.25558268229167,768.0,5.969072596232097,2.398034365971883,0.0,6.291323280334472,0.18732021152973172,0.9970870812733968,0.11988493353128435,0.0,20.988034365971885,3.658000776887431,21.025335592964662
121,2022-01-04 06:15:00,3013355.5,12.2338888888889,6.806777777777778,-7.691200000000001,-0.3709,1.2294555555555553,0.9899444444444446,-0.6791444444444446,-1.3565333333333334,1020.2579345703124,2.9394777777777783,83.42000000000003,3.3966666666666647,35.732688888888894,0.0,25.256479899088546,768.0,5.9702935218811035,2.4009843031565348,0.0,6.291156355539957,0.1873392959435781,0.9970867991447449,0.11989714701970418,0.0,20.990984303156534,3.658000776887431,21.028285530149315
122,2022-01-04 06:30:00,3013445.5,12.232666666666676,6.966488888888887,-7.7469111111111095,-0.3735888888888889,1.123233333333333,1.0896555555555554,-0.608711111111111,-1.4041555555555556,1020.2579345703124,2.8308111111111125,84.0622222222223,3.4258333333333337,44.09488888888888,0.0,25.255682373046874,768.0,5.967851670583088,2.392501703898112,0.0,6.2886834144592285,0.1871468812227249,0.9970869898796082,0.11977400183677675,0.0,20.982501703898112,3.658000776887431,21.01980293089089
123,2022-01-04 06:45:00,3013535.5,12.2288888888889,7.005622222222222,-7.6397666666666675,-0.36837777777777775,1.097477777777778,1.0390444444444449,-0.7405999999999998,-1.3446666666666667,1020.2579345703124,2.8461555555555544,84.33222222222217,3.2016666666666653,39.79861111111113,0.0,25.25558268229167,768.0,5.967851670583088,2.4143716017405192,0.0,6.2898114522298165,0.1871154636144638,0.9970870018005372,0.11975389420986175,0.0,21.00437160174052,3.658000776887431,21.041672828733297
124,2022-01-04 07:00:00,3013625.5,12.231111111111119,7.029911111111109,-7.412022222222223,-0.35741111111111096,1.1118666666666666,1.0352333333333337,-0.7282777777777777,-1.3392444444444445,1020.5855712890624,2.866355555555554,84.46666666666671,2.7749999999999995,40.34464444444445,0.0,25.25558268229167,768.0,5.9702935218811035,2.4116096973419188,0.0,6.290361595153809,0.18717803458372756,0.99708700577418,0.1197939395904541,0.0,21.00160969734192,3.330364058137472,21.035569959593936
125,2022-01-04 07:15:00,3013715.5,12.22177777777779,7.051011111111114,-6.697299999999999,-0.32294444444444437,1.0856777777777777,1.074577777777778,-0.7829666666666668,-1.3825666666666667,1020.5855712890624,2.8647777777777756,84.74555555555554,2.6158333333333332,30.31898888888886,0.0,25.255181884765626,768.0,5.9654098192850755,2.4139626502990716,0.0,6.290237712860107,0.1871875435113907,0.9970871289571126,0.11980002472798028,0.0,21.003962650299073,3.330364058137472,21.03792291255109
126,2022-01-04 07:30:00,3013805.5,12.233777777777785,7.132566666666665,-2.4000888888888885,-0.11576666666666667,1.1805777777777777,1.0412666666666666,-0.7754222222222222,-1.3793444444444445,1020.5855712890624,2.9092444444444467,85.00555555555555,2.7075000000000005,38.8595,0.0,25.255482991536454,768.0,5.969072596232097,2.4120077451070148,0.0,6.2884552319844556,0.1872680594523748,0.9970870653788249,0.11985155542691547,0.0,21.002007745107015,3.330364058137472,21.03596800735903
127,2022-01-04 07:45:00,3013895.5,12.331000000000001,7.340066666666669,17.19093333333333,0.8289444444444445,1.750044444444444,1.0472888888888885,-0.8181666666666664,-1.4052666666666664,1020.5855712890624,3.005766666666667,85.2277777777778,2.9041666666666672,53.17586666666668,0.0,25.255682373046874,768.0,5.969072596232097,2.410383764902751,0.0,6.2916099548339846,0.1872605880101522,0.9970870296160379,0.11984677414099375,0.0,21.00038376490275,3.330364058137472,21.034344027154766
128,2022-01-04 08:00:00,3013985.5,12.673555555555552,8.240144444444446,39.27877777777777,1.8940111111111102,3.2014111111111125,1.0478111111111108,-0.8269666666666666,-1.462422222222222,1020.9635620117188,3.322944444444446,84.76000000000002,3.2283333333333326,38.80001111111113,0.0,25.25538330078125,768.0,5.969072596232097,2.4073276996612547,0.0,6.290241146087648,0.18717509508132932,0.997087033589681,0.1197920580705007,0.0,20.997327699661255,2.9523733354811625,21.027433529230795
129,2022-01-04 08:15:00,3014075.5,13.035999999999994,9.217222222222222,74.07933333333331,3.57231111111111,3.9602333333333344,1.0909777777777776,-0.7628666666666668,-1.5979888888888893,1020.9635620117188,3.6524888888888887,84.13222222222223,3.7525000000000004,37.46357777777778,0.0,25.25657958984375,768.0,5.9702935218811035,2.4267255624135333,0.0,6.291256872812908,0.18708167771498366,0.9970868746439616,0.11973227212826412,0.0,21.016725562413534,2.9523733354811625,21.046831391983073
130,2022-01-04 08:30:00,3014165.5,13.182777777777778,10.274888888888889,75.89266666666668,3.6595555555555546,4.802233333333333,1.157888888888889,-0.845544444444445,-1.662733333333333,1020.9635620117188,4.085522222222224,83.12444444444439,3.6816666666666675,45.047922222222226,0.0,25.25618082682292,768.0,5.969072596232097,2.419671583175659,0.0,6.289823786417643,0.18693732619285586,0.9970867355664572,0.11963988641897835,0.0,21.00967158317566,2.9523733354811625,21.0397774127452
131,2022-01-04 08:45:00,3014255.5,13.333333333333334,11.08911111111111,103.90655555555554,5.010433333333333,5.446788888888889,1.1548555555555557,-0.8835888888888889,-1.542944444444445,1020.9635620117188,4.551811111111111,82.48222222222213,2.960833333333333,50.763811111111096,0.0,25.255682373046874,768.0,5.969072596232097,2.415572007497152,0.0,6.293969694773357,0.18682218392690025,0.9970868945121764,0.11956619421641032,0.0,21.00557200749715,2.9523733354811625,21.03567783706669
132,2022-01-04 09:00:00,3014345.5,13.807333333333347,13.65211111111111,179.64222222222233,8.662655555555553,7.783622222222226,1.2149,-0.8745333333333336,-1.6182999999999996,1021.3365478515624,5.376333333333331,80.82355555555552,3.5758333333333345,49.26893333333333,0.0,25.25638020833333,768.0,5.969072596232097,2.413543383280436,0.0,6.286856174468994,0.18692408204078675,0.997086811065674,0.11963140964508055,0.0,21.003543383280437,2.579387495637506,21.029845815768976
133,2022-01-04 09:15:00,3014435.5,13.815555555555544,16.05822222222222,182.03444444444446,8.777488888888888,9.04788888888889,1.0967888888888888,-0.6797999999999996,-1.4144333333333334,1021.3365478515624,6.15291111111111,79.26100000000001,2.845833333333334,58.50997777777778,0.0,25.25618082682292,768.0,5.969072596232097,2.4026272614796955,0.0,6.286242580413817,0.18675145904223125,0.9970866799354552,0.11952093144257865,0.0,20.992627261479697,2.579387495637506,21.018929693968236
134,2022-01-04 09:30:00,3014525.5,13.807555555555542,17.427111111111117,191.63555555555556,9.241111111111111,10.092666666666668,1.1958,-0.7840333333333332,-1.5663444444444448,1021.3365478515624,6.846188888888887,77.9006666666667,2.9091666666666667,42.19741111111112,0.0,25.25597941080729,768.0,5.96785167058309,2.4046501318613687,0.0,6.288246154785156,0.1870444079240163,0.997086981932322,0.11970841834942501,0.0,20.99465013186137,2.579387495637506,21.02095256434991
135,2022-01-04 09:45:00,3014615.5,13.76833333333334,18.146333333333338,215.68000000000004,10.401333333333334,10.151111111111113,1.1238222222222218,-0.8023333333333336,-1.4625444444444444,1021.3365478515624,7.066366666666664,77.73133333333331,3.088333333333334,51.72145555555551,0.0,25.257177734375,768.0,5.9702935218811035,2.404033342997233,0.0,6.290099366505941,0.18725615739822388,0.9970867037773132,0.11984393745660782,0.0,20.994033342997234,2.579387495637506,21.020335775485773
136,2022-01-04 10:00:00,3014705.5,13.788333333333322,18.63077777777777,247.02777777777786,11.912888888888887,12.051444444444446,1.2074888888888884,-0.7511777777777774,-1.447433333333334,1021.9471435546876,7.970222222222216,76.33644444444447,2.1866666666666665,59.17385555555555,0.0,25.25657958984375,768.0,5.9702935218811035,2.4142552693684896,0.0,6.289248339335122,0.18710407813390093,0.9970868229866028,0.11974660754203795,0.0,21.00425526936849,1.9687917925122433,21.024331358476516
137,2022-01-04 10:15:00,3014795.5,13.75911111111111,19.52588888888889,268.86555555555555,12.965555555555564,13.498222222222223,1.1733,-0.7922888888888886,-1.4541555555555554,1021.9471435546876,8.649888888888889,75.1517777777778,2.1058333333333326,60.89814444444446,0.0,25.256878662109376,768.0,5.96785167058309,2.407818555831909,0.0,6.286238988240559,0.18710707525412246,0.9970866759618124,0.11974852581818897,0.0,20.99781855583191,1.9687917925122433,21.017894644939936
138,2022-01-04 10:30:00,3014885.5,13.732555555555557,20.310111111111116,274.8700000000001,13.254666666666665,14.39155555555555,1.1616111111111114,-0.723288888888889,-1.4162,1021.9471435546876,9.49511111111111,73.75466666666662,2.395000000000001,61.424711111111115,0.0,25.256878662109376,768.0,5.969072596232097,2.4101850350697838,0.0,6.287124156951903,0.18713575303554536,0.9970866680145264,0.11976687957843145,0.0,21.000185035069784,1.9687917925122433,21.02026112417781
139,2022-01-04 10:45:00,3014975.5,13.700333333333333,20.677555555555564,295.27777777777794,14.238555555555546,14.468111111111112,1.2266000000000004,-0.9025444444444445,-1.5800777777777784,1021.9471435546876,9.982333333333338,72.95300000000003,2.6908333333333343,47.508111111111134,0.0,25.257177734375,768.0,5.96785167058309,2.410073534647624,0.0,6.288876501719158,0.18730854789416,0.9970867435137429,0.1198774685462316,0.0,21.000073534647623,1.9687917925122433,21.02014962375565
140,2022-01-04 11:00:00,3015065.5,13.72088888888889,21.05244444444446,259.1522222222223,12.497000000000003,14.783666666666658,1.2488888888888892,-0.9407777777777776,-1.6241444444444437,1021.6942138671876,10.566999999999997,72.20377777777777,2.5766666666666653,61.77783333333333,0.0,25.256088256835934,768.0,5.9689853872571685,2.406140719141279,0.0,6.287853683744157,0.18723947129079274,0.9970869081360954,0.1198332581136908,0.0,20.99614071914128,2.2217214800122376,21.018795973280177
141,2022-01-04 11:15:00,3015155.5,13.699111111111117,20.82388888888891,278.26,13.417555555555555,13.513888888888891,1.1707111111111108,-0.9172888888888892,-1.6582333333333341,1021.6942138671876,10.909888888888888,72.09511111111111,3.122499999999999,61.80569999999999,0.0,25.25667928059896,768.0,5.967851670583088,2.4009854793548584,0.0,6.287372525533041,0.1872972458600998,0.997086795171102,0.11987023452917735,0.0,20.99098547935486,2.2217214800122376,21.013640733493755
142,2022-01-04 11:30:00,3015201.0,13.76,20.71,322.9,15.57,15.91,1.084,-0.742,-1.314,1021.6942138671876,11.54,71.21,2.3,19.43,0.0,25.25628051757813,768.0,5.9702935218811035,2.395153458913167,0.0,6.289155069986979,0.18702837328116095,0.9970866799354552,0.11969815641641615,0.0,20.985153458913167,2.2217214800122376,21.007808713052064
